{"cameraMode":{"drawMode":0,"name":"Shaded","section":"Shading Mode"},"sceneLighting":true,"audioPlay":false,"sceneViewState":{"m_AlwaysRefresh":false,"showFog":true,"showSkybox":true,"showFlares":true,"showImageEffects":true,"showParticleSystems":true,"showVisualEffectGraphs":true,"m_FxEnabled":true},"in2DMode":false,"pivot":{"x":10.760000228881836,"y":98.32706451416016,"z":15.199999809265137},"rotation":{"x":-0.24497054517269135,"y":-0.2740596532821655,"z":0.07241091132164002,"w":-0.9271734356880188},"size":139.93215942382813,"orthographic":false}